--
-- PostgreSQL database dump
--

\restrict 2kJJH3jf7XjT8DmGcqIss07N9Fbp0df140xcZCTzSn1ldkachsUvNXfH5xgvJUu

-- Dumped from database version 18.3 (Homebrew)
-- Dumped by pg_dump version 18.3 (Homebrew)

SET statement_timeout = 0;
SET lock_timeout = 0;
SET idle_in_transaction_session_timeout = 0;
SET transaction_timeout = 0;
SET client_encoding = 'UTF8';
SET standard_conforming_strings = on;
SELECT pg_catalog.set_config('search_path', '', false);
SET check_function_bodies = false;
SET xmloption = content;
SET client_min_messages = warning;
SET row_security = off;

SET default_tablespace = '';

SET default_table_access_method = heap;

--
-- Name: club_join_requests; Type: TABLE; Schema: public; Owner: shanmu
--

CREATE TABLE public.club_join_requests (
    id bigint NOT NULL,
    club_id bigint,
    created_at timestamp(6) without time zone,
    message character varying(255),
    status character varying(255),
    user_id bigint,
    CONSTRAINT club_join_requests_status_check CHECK (((status)::text = ANY ((ARRAY['PENDING'::character varying, 'APPROVED'::character varying, 'REJECTED'::character varying])::text[])))
);


ALTER TABLE public.club_join_requests OWNER TO shanmu;

--
-- Name: club_join_requests_id_seq; Type: SEQUENCE; Schema: public; Owner: shanmu
--

ALTER TABLE public.club_join_requests ALTER COLUMN id ADD GENERATED BY DEFAULT AS IDENTITY (
    SEQUENCE NAME public.club_join_requests_id_seq
    START WITH 1
    INCREMENT BY 1
    NO MINVALUE
    NO MAXVALUE
    CACHE 1
);


--
-- Name: club_members; Type: TABLE; Schema: public; Owner: shanmu
--

CREATE TABLE public.club_members (
    id bigint NOT NULL,
    joined_at timestamp(6) without time zone,
    role character varying(255),
    club_id bigint,
    user_id bigint,
    CONSTRAINT club_members_role_check CHECK (((role)::text = ANY ((ARRAY['MEMBER'::character varying, 'MODERATOR'::character varying, 'PRESIDENT'::character varying])::text[])))
);


ALTER TABLE public.club_members OWNER TO shanmu;

--
-- Name: club_members_id_seq; Type: SEQUENCE; Schema: public; Owner: shanmu
--

ALTER TABLE public.club_members ALTER COLUMN id ADD GENERATED BY DEFAULT AS IDENTITY (
    SEQUENCE NAME public.club_members_id_seq
    START WITH 1
    INCREMENT BY 1
    NO MINVALUE
    NO MAXVALUE
    CACHE 1
);


--
-- Name: clubs; Type: TABLE; Schema: public; Owner: shanmu
--

CREATE TABLE public.clubs (
    id bigint NOT NULL,
    created_at timestamp(6) without time zone,
    description character varying(255),
    name character varying(255)
);


ALTER TABLE public.clubs OWNER TO shanmu;

--
-- Name: clubs_id_seq; Type: SEQUENCE; Schema: public; Owner: shanmu
--

ALTER TABLE public.clubs ALTER COLUMN id ADD GENERATED BY DEFAULT AS IDENTITY (
    SEQUENCE NAME public.clubs_id_seq
    START WITH 1
    INCREMENT BY 1
    NO MINVALUE
    NO MAXVALUE
    CACHE 1
);


--
-- Name: comment; Type: TABLE; Schema: public; Owner: shanmu
--

CREATE TABLE public.comment (
    id bigint NOT NULL,
    content character varying(255),
    created_at timestamp(6) without time zone,
    parent_comment_id bigint,
    post_id bigint,
    user_id bigint
);


ALTER TABLE public.comment OWNER TO shanmu;

--
-- Name: comment_id_seq; Type: SEQUENCE; Schema: public; Owner: shanmu
--

ALTER TABLE public.comment ALTER COLUMN id ADD GENERATED BY DEFAULT AS IDENTITY (
    SEQUENCE NAME public.comment_id_seq
    START WITH 1
    INCREMENT BY 1
    NO MINVALUE
    NO MAXVALUE
    CACHE 1
);


--
-- Name: comments; Type: TABLE; Schema: public; Owner: shanmu
--

CREATE TABLE public.comments (
    id bigint NOT NULL,
    content character varying(255),
    created_at timestamp(6) without time zone,
    parent_comment_id bigint,
    post_id bigint,
    user_id bigint
);


ALTER TABLE public.comments OWNER TO shanmu;

--
-- Name: comments_id_seq; Type: SEQUENCE; Schema: public; Owner: shanmu
--

ALTER TABLE public.comments ALTER COLUMN id ADD GENERATED BY DEFAULT AS IDENTITY (
    SEQUENCE NAME public.comments_id_seq
    START WITH 1
    INCREMENT BY 1
    NO MINVALUE
    NO MAXVALUE
    CACHE 1
);


--
-- Name: events; Type: TABLE; Schema: public; Owner: shanmu
--

CREATE TABLE public.events (
    id bigint NOT NULL,
    created_by bigint,
    description character varying(255),
    event_date timestamp(6) without time zone,
    location character varying(255),
    title character varying(255)
);


ALTER TABLE public.events OWNER TO shanmu;

--
-- Name: events_id_seq; Type: SEQUENCE; Schema: public; Owner: shanmu
--

ALTER TABLE public.events ALTER COLUMN id ADD GENERATED BY DEFAULT AS IDENTITY (
    SEQUENCE NAME public.events_id_seq
    START WITH 1
    INCREMENT BY 1
    NO MINVALUE
    NO MAXVALUE
    CACHE 1
);


--
-- Name: food_items; Type: TABLE; Schema: public; Owner: shanmu
--

CREATE TABLE public.food_items (
    id bigint NOT NULL,
    available boolean NOT NULL,
    name character varying(255),
    price double precision NOT NULL
);


ALTER TABLE public.food_items OWNER TO shanmu;

--
-- Name: food_items_id_seq; Type: SEQUENCE; Schema: public; Owner: shanmu
--

ALTER TABLE public.food_items ALTER COLUMN id ADD GENERATED BY DEFAULT AS IDENTITY (
    SEQUENCE NAME public.food_items_id_seq
    START WITH 1
    INCREMENT BY 1
    NO MINVALUE
    NO MAXVALUE
    CACHE 1
);


--
-- Name: lost_items; Type: TABLE; Schema: public; Owner: shanmu
--

CREATE TABLE public.lost_items (
    id bigint NOT NULL,
    description character varying(255),
    found boolean NOT NULL,
    location character varying(255),
    title character varying(255),
    user_id bigint
);


ALTER TABLE public.lost_items OWNER TO shanmu;

--
-- Name: lost_items_id_seq; Type: SEQUENCE; Schema: public; Owner: shanmu
--

ALTER TABLE public.lost_items ALTER COLUMN id ADD GENERATED BY DEFAULT AS IDENTITY (
    SEQUENCE NAME public.lost_items_id_seq
    START WITH 1
    INCREMENT BY 1
    NO MINVALUE
    NO MAXVALUE
    CACHE 1
);


--
-- Name: mod_queue; Type: TABLE; Schema: public; Owner: shanmu
--

CREATE TABLE public.mod_queue (
    id bigint NOT NULL,
    club_id bigint,
    created_at timestamp(6) without time zone,
    post_id bigint,
    reason character varying(255),
    status character varying(255)
);


ALTER TABLE public.mod_queue OWNER TO shanmu;

--
-- Name: mod_queue_id_seq; Type: SEQUENCE; Schema: public; Owner: shanmu
--

ALTER TABLE public.mod_queue ALTER COLUMN id ADD GENERATED BY DEFAULT AS IDENTITY (
    SEQUENCE NAME public.mod_queue_id_seq
    START WITH 1
    INCREMENT BY 1
    NO MINVALUE
    NO MAXVALUE
    CACHE 1
);


--
-- Name: moderator_appeals; Type: TABLE; Schema: public; Owner: shanmu
--

CREATE TABLE public.moderator_appeals (
    id bigint NOT NULL,
    created_at timestamp(6) without time zone,
    reason character varying(255),
    status character varying(255),
    club_id bigint,
    user_id bigint
);


ALTER TABLE public.moderator_appeals OWNER TO shanmu;

--
-- Name: moderator_appeals_id_seq; Type: SEQUENCE; Schema: public; Owner: shanmu
--

ALTER TABLE public.moderator_appeals ALTER COLUMN id ADD GENERATED BY DEFAULT AS IDENTITY (
    SEQUENCE NAME public.moderator_appeals_id_seq
    START WITH 1
    INCREMENT BY 1
    NO MINVALUE
    NO MAXVALUE
    CACHE 1
);


--
-- Name: orders; Type: TABLE; Schema: public; Owner: shanmu
--

CREATE TABLE public.orders (
    id bigint NOT NULL,
    food_item_id bigint,
    quantity integer NOT NULL,
    status character varying(255),
    user_id bigint
);


ALTER TABLE public.orders OWNER TO shanmu;

--
-- Name: orders_id_seq; Type: SEQUENCE; Schema: public; Owner: shanmu
--

ALTER TABLE public.orders ALTER COLUMN id ADD GENERATED BY DEFAULT AS IDENTITY (
    SEQUENCE NAME public.orders_id_seq
    START WITH 1
    INCREMENT BY 1
    NO MINVALUE
    NO MAXVALUE
    CACHE 1
);


--
-- Name: post; Type: TABLE; Schema: public; Owner: shanmu
--

CREATE TABLE public.post (
    id bigint NOT NULL,
    author_id bigint,
    content character varying(5000),
    created_at timestamp(6) without time zone,
    title character varying(255)
);


ALTER TABLE public.post OWNER TO shanmu;

--
-- Name: post_id_seq; Type: SEQUENCE; Schema: public; Owner: shanmu
--

ALTER TABLE public.post ALTER COLUMN id ADD GENERATED BY DEFAULT AS IDENTITY (
    SEQUENCE NAME public.post_id_seq
    START WITH 1
    INCREMENT BY 1
    NO MINVALUE
    NO MAXVALUE
    CACHE 1
);


--
-- Name: post_tags; Type: TABLE; Schema: public; Owner: shanmu
--

CREATE TABLE public.post_tags (
    post_id bigint NOT NULL,
    tag_id bigint NOT NULL
);


ALTER TABLE public.post_tags OWNER TO shanmu;

--
-- Name: posts; Type: TABLE; Schema: public; Owner: shanmu
--

CREATE TABLE public.posts (
    id bigint NOT NULL,
    author_id bigint,
    content character varying(5000),
    created_at timestamp(6) without time zone,
    title character varying(255),
    author_name character varying(255),
    media_type character varying(255),
    media_url character varying(1000),
    media_public_id character varying(255),
    club_id bigint
);


ALTER TABLE public.posts OWNER TO shanmu;

--
-- Name: posts_id_seq; Type: SEQUENCE; Schema: public; Owner: shanmu
--

ALTER TABLE public.posts ALTER COLUMN id ADD GENERATED BY DEFAULT AS IDENTITY (
    SEQUENCE NAME public.posts_id_seq
    START WITH 1
    INCREMENT BY 1
    NO MINVALUE
    NO MAXVALUE
    CACHE 1
);


--
-- Name: reports; Type: TABLE; Schema: public; Owner: shanmu
--

CREATE TABLE public.reports (
    id bigint NOT NULL,
    post_id bigint,
    reason character varying(255),
    user_id bigint,
    created_at timestamp(6) without time zone,
    status character varying(255)
);


ALTER TABLE public.reports OWNER TO shanmu;

--
-- Name: reports_id_seq; Type: SEQUENCE; Schema: public; Owner: shanmu
--

ALTER TABLE public.reports ALTER COLUMN id ADD GENERATED BY DEFAULT AS IDENTITY (
    SEQUENCE NAME public.reports_id_seq
    START WITH 1
    INCREMENT BY 1
    NO MINVALUE
    NO MAXVALUE
    CACHE 1
);


--
-- Name: tags; Type: TABLE; Schema: public; Owner: shanmu
--

CREATE TABLE public.tags (
    id bigint NOT NULL,
    name character varying(255)
);


ALTER TABLE public.tags OWNER TO shanmu;

--
-- Name: tags_id_seq; Type: SEQUENCE; Schema: public; Owner: shanmu
--

ALTER TABLE public.tags ALTER COLUMN id ADD GENERATED BY DEFAULT AS IDENTITY (
    SEQUENCE NAME public.tags_id_seq
    START WITH 1
    INCREMENT BY 1
    NO MINVALUE
    NO MAXVALUE
    CACHE 1
);


--
-- Name: users; Type: TABLE; Schema: public; Owner: shanmu
--

CREATE TABLE public.users (
    id bigint NOT NULL,
    email character varying(255),
    google_id character varying(255),
    name character varying(255),
    picture character varying(512),
    role character varying(255) DEFAULT 'USER'::character varying,
    bio character varying(500)
);


ALTER TABLE public.users OWNER TO shanmu;

--
-- Name: users_id_seq; Type: SEQUENCE; Schema: public; Owner: shanmu
--

ALTER TABLE public.users ALTER COLUMN id ADD GENERATED BY DEFAULT AS IDENTITY (
    SEQUENCE NAME public.users_id_seq
    START WITH 1
    INCREMENT BY 1
    NO MINVALUE
    NO MAXVALUE
    CACHE 1
);


--
-- Name: votes; Type: TABLE; Schema: public; Owner: shanmu
--

CREATE TABLE public.votes (
    id bigint NOT NULL,
    post_id bigint,
    user_id bigint,
    value integer NOT NULL
);


ALTER TABLE public.votes OWNER TO shanmu;

--
-- Name: votes_id_seq; Type: SEQUENCE; Schema: public; Owner: shanmu
--

ALTER TABLE public.votes ALTER COLUMN id ADD GENERATED BY DEFAULT AS IDENTITY (
    SEQUENCE NAME public.votes_id_seq
    START WITH 1
    INCREMENT BY 1
    NO MINVALUE
    NO MAXVALUE
    CACHE 1
);


--
-- Data for Name: club_join_requests; Type: TABLE DATA; Schema: public; Owner: shanmu
--

COPY public.club_join_requests (id, club_id, created_at, message, status, user_id) FROM stdin;
2	1	2026-03-10 21:50:11.680561	\N	APPROVED	\N
1	1	2026-03-10 21:22:32.112102	\N	APPROVED	\N
3	1	2026-03-10 22:28:04.714752	\N	REJECTED	\N
4	2	2026-03-10 22:32:12.000602	\N	REJECTED	1
5	1	2026-03-10 22:55:53.072793	\N	REJECTED	\N
6	2	2026-03-10 23:01:35.429763	\N	REJECTED	\N
7	1	2026-03-10 23:07:24.445038	\N	REJECTED	\N
8	3	2026-03-10 23:16:29.254876	\N	APPROVED	1
9	1	2026-03-10 23:23:57.015831	\N	REJECTED	1
10	4	2026-03-10 23:24:18.005697	\N	REJECTED	1
11	5	2026-03-10 23:24:25.048118	\N	REJECTED	1
12	1	2026-03-10 23:45:58.47287	\N	APPROVED	1
13	2	2026-03-10 23:51:17.421605	\N	APPROVED	1
14	5	2026-03-11 01:28:01.172675	\N	APPROVED	1
15	1	2026-03-12 21:59:46.489559	\N	APPROVED	2
\.


--
-- Data for Name: club_members; Type: TABLE DATA; Schema: public; Owner: shanmu
--

COPY public.club_members (id, joined_at, role, club_id, user_id) FROM stdin;
3	2026-03-11 01:25:24.335718	MODERATOR	4	1
1	2026-03-11 01:25:25.689072	MODERATOR	1	1
4	\N	MEMBER	5	1
5	2026-03-11 01:36:27.497827	MODERATOR	3	1
6	2026-03-11 13:34:36.464039	MODERATOR	3	2
8	2026-03-12 22:04:50.563772	MODERATOR	2	2
9	2026-03-12 22:47:18.017922	MODERATOR	2	1
\.


--
-- Data for Name: clubs; Type: TABLE DATA; Schema: public; Owner: shanmu
--

COPY public.clubs (id, created_at, description, name) FROM stdin;
1	\N	\N	Drama Club
2	\N	\N	Music Club
3	\N	\N	Photo/Videography Club
4	\N	\N	Book Club
5	\N	\N	Dance Club
\.


--
-- Data for Name: comment; Type: TABLE DATA; Schema: public; Owner: shanmu
--

COPY public.comment (id, content, created_at, parent_comment_id, post_id, user_id) FROM stdin;
\.


--
-- Data for Name: comments; Type: TABLE DATA; Schema: public; Owner: shanmu
--

COPY public.comments (id, content, created_at, parent_comment_id, post_id, user_id) FROM stdin;
\.


--
-- Data for Name: events; Type: TABLE DATA; Schema: public; Owner: shanmu
--

COPY public.events (id, created_by, description, event_date, location, title) FROM stdin;
\.


--
-- Data for Name: food_items; Type: TABLE DATA; Schema: public; Owner: shanmu
--

COPY public.food_items (id, available, name, price) FROM stdin;
\.


--
-- Data for Name: lost_items; Type: TABLE DATA; Schema: public; Owner: shanmu
--

COPY public.lost_items (id, description, found, location, title, user_id) FROM stdin;
\.


--
-- Data for Name: mod_queue; Type: TABLE DATA; Schema: public; Owner: shanmu
--

COPY public.mod_queue (id, club_id, created_at, post_id, reason, status) FROM stdin;
\.


--
-- Data for Name: moderator_appeals; Type: TABLE DATA; Schema: public; Owner: shanmu
--

COPY public.moderator_appeals (id, created_at, reason, status, club_id, user_id) FROM stdin;
2	2026-03-11 01:23:07.984514	m	APPROVED	4	1
1	2026-03-11 01:20:26.654475	To take the responsibility	APPROVED	1	1
3	2026-03-11 01:36:16.534962	fun	APPROVED	3	1
4	2026-03-11 13:34:21.665251	for testing the moderator section	APPROVED	3	2
5	2026-03-12 22:04:32.480697	just for fun	APPROVED	2	2
6	2026-03-12 22:47:02.650578	afgafg	APPROVED	2	1
7	2026-03-13 10:57:56.585191	uyrkyut	REJECTED	5	1
\.


--
-- Data for Name: orders; Type: TABLE DATA; Schema: public; Owner: shanmu
--

COPY public.orders (id, food_item_id, quantity, status, user_id) FROM stdin;
\.


--
-- Data for Name: post; Type: TABLE DATA; Schema: public; Owner: shanmu
--

COPY public.post (id, author_id, content, created_at, title) FROM stdin;
\.


--
-- Data for Name: post_tags; Type: TABLE DATA; Schema: public; Owner: shanmu
--

COPY public.post_tags (post_id, tag_id) FROM stdin;
53	1
56	3
57	1
\.


--
-- Data for Name: posts; Type: TABLE DATA; Schema: public; Owner: shanmu
--

COPY public.posts (id, author_id, content, created_at, title, author_name, media_type, media_url, media_public_id, club_id) FROM stdin;
53	1	just for testing!!	2026-03-12 22:51:27.333082	Coming Soon! Stay Tuned!!	Shanmu_Setty	image	https://res.cloudinary.com/dhxizt9yd/image/upload/v1773336085/gdoxd1uhffmb3rabkmkf.jpg	gdoxd1uhffmb3rabkmkf	1
56	1	szdgbzg	2026-03-15 17:59:15.574826	dgbsdzb	Shanmu_Setty	video	https://res.cloudinary.com/dhxizt9yd/video/upload/v1773577741/tkmapsm6azcnhxutmzrs.mov	tkmapsm6azcnhxutmzrs	2
57	1	loading test	2026-03-15 18:30:02.446808	esrgea	Shanmu_Setty	video	https://res.cloudinary.com/dhxizt9yd/video/upload/v1773579596/mmi01cutsrz4rrvjme6l.mp4	mmi01cutsrz4rrvjme6l	2
\.


--
-- Data for Name: reports; Type: TABLE DATA; Schema: public; Owner: shanmu
--

COPY public.reports (id, post_id, reason, user_id, created_at, status) FROM stdin;
8	9	test	2	2026-03-11 16:43:13.536844	RESOLVED
9	52	emo saradha	2	2026-03-12 22:01:11.281318	RESOLVED
10	51	nachale	1	2026-03-12 23:04:28.347547	RESOLVED
11	54	wefvw3v	1	2026-03-13 15:08:24.746773	RESOLVED
\.


--
-- Data for Name: tags; Type: TABLE DATA; Schema: public; Owner: shanmu
--

COPY public.tags (id, name) FROM stdin;
1	Announcement
2	Event
3	Question
4	Discussion
5	Project
6	Help
7	News
\.


--
-- Data for Name: users; Type: TABLE DATA; Schema: public; Owner: shanmu
--

COPY public.users (id, email, google_id, name, picture, role, bio) FROM stdin;
1	245122737070@mvsrec.edu.in	102264486889130627307	Shanmu_Setty	https://lh3.googleusercontent.com/a/ACg8ocKjSrWByEh-DV9NI7Gy5-BcNF109yyjVQ5aB8sSAT7-grJYYw=s96-c	ADMIN	For testing
2	245122737102@mvsrec.edu.in	112648308760018630869	Varla Hanok	https://lh3.googleusercontent.com/a/ACg8ocIUCPYEHxja7g6RQFBlSMguASFGKH3MGDDMvDeJBCB2aU_RJw4=s96-c	USER	testing
\.


--
-- Data for Name: votes; Type: TABLE DATA; Schema: public; Owner: shanmu
--

COPY public.votes (id, post_id, user_id, value) FROM stdin;
34	8	1	1
36	9	1	1
39	15	1	1
40	26	1	-1
47	1	1	-1
48	46	1	1
49	44	1	1
50	48	1	1
51	48	2	1
52	50	1	1
53	51	1	1
54	53	1	1
20	10	1	1
55	54	1	1
56	57	1	1
57	56	1	1
\.


--
-- Name: club_join_requests_id_seq; Type: SEQUENCE SET; Schema: public; Owner: shanmu
--

SELECT pg_catalog.setval('public.club_join_requests_id_seq', 15, true);


--
-- Name: club_members_id_seq; Type: SEQUENCE SET; Schema: public; Owner: shanmu
--

SELECT pg_catalog.setval('public.club_members_id_seq', 9, true);


--
-- Name: clubs_id_seq; Type: SEQUENCE SET; Schema: public; Owner: shanmu
--

SELECT pg_catalog.setval('public.clubs_id_seq', 5, true);


--
-- Name: comment_id_seq; Type: SEQUENCE SET; Schema: public; Owner: shanmu
--

SELECT pg_catalog.setval('public.comment_id_seq', 1, false);


--
-- Name: comments_id_seq; Type: SEQUENCE SET; Schema: public; Owner: shanmu
--

SELECT pg_catalog.setval('public.comments_id_seq', 41, true);


--
-- Name: events_id_seq; Type: SEQUENCE SET; Schema: public; Owner: shanmu
--

SELECT pg_catalog.setval('public.events_id_seq', 1, false);


--
-- Name: food_items_id_seq; Type: SEQUENCE SET; Schema: public; Owner: shanmu
--

SELECT pg_catalog.setval('public.food_items_id_seq', 1, false);


--
-- Name: lost_items_id_seq; Type: SEQUENCE SET; Schema: public; Owner: shanmu
--

SELECT pg_catalog.setval('public.lost_items_id_seq', 1, false);


--
-- Name: mod_queue_id_seq; Type: SEQUENCE SET; Schema: public; Owner: shanmu
--

SELECT pg_catalog.setval('public.mod_queue_id_seq', 1, false);


--
-- Name: moderator_appeals_id_seq; Type: SEQUENCE SET; Schema: public; Owner: shanmu
--

SELECT pg_catalog.setval('public.moderator_appeals_id_seq', 7, true);


--
-- Name: orders_id_seq; Type: SEQUENCE SET; Schema: public; Owner: shanmu
--

SELECT pg_catalog.setval('public.orders_id_seq', 1, false);


--
-- Name: post_id_seq; Type: SEQUENCE SET; Schema: public; Owner: shanmu
--

SELECT pg_catalog.setval('public.post_id_seq', 1, false);


--
-- Name: posts_id_seq; Type: SEQUENCE SET; Schema: public; Owner: shanmu
--

SELECT pg_catalog.setval('public.posts_id_seq', 57, true);


--
-- Name: reports_id_seq; Type: SEQUENCE SET; Schema: public; Owner: shanmu
--

SELECT pg_catalog.setval('public.reports_id_seq', 11, true);


--
-- Name: tags_id_seq; Type: SEQUENCE SET; Schema: public; Owner: shanmu
--

SELECT pg_catalog.setval('public.tags_id_seq', 14, true);


--
-- Name: users_id_seq; Type: SEQUENCE SET; Schema: public; Owner: shanmu
--

SELECT pg_catalog.setval('public.users_id_seq', 3, true);


--
-- Name: votes_id_seq; Type: SEQUENCE SET; Schema: public; Owner: shanmu
--

SELECT pg_catalog.setval('public.votes_id_seq', 57, true);


--
-- Name: club_join_requests club_join_requests_pkey; Type: CONSTRAINT; Schema: public; Owner: shanmu
--

ALTER TABLE ONLY public.club_join_requests
    ADD CONSTRAINT club_join_requests_pkey PRIMARY KEY (id);


--
-- Name: club_members club_members_pkey; Type: CONSTRAINT; Schema: public; Owner: shanmu
--

ALTER TABLE ONLY public.club_members
    ADD CONSTRAINT club_members_pkey PRIMARY KEY (id);


--
-- Name: clubs clubs_pkey; Type: CONSTRAINT; Schema: public; Owner: shanmu
--

ALTER TABLE ONLY public.clubs
    ADD CONSTRAINT clubs_pkey PRIMARY KEY (id);


--
-- Name: comment comment_pkey; Type: CONSTRAINT; Schema: public; Owner: shanmu
--

ALTER TABLE ONLY public.comment
    ADD CONSTRAINT comment_pkey PRIMARY KEY (id);


--
-- Name: comments comments_pkey; Type: CONSTRAINT; Schema: public; Owner: shanmu
--

ALTER TABLE ONLY public.comments
    ADD CONSTRAINT comments_pkey PRIMARY KEY (id);


--
-- Name: events events_pkey; Type: CONSTRAINT; Schema: public; Owner: shanmu
--

ALTER TABLE ONLY public.events
    ADD CONSTRAINT events_pkey PRIMARY KEY (id);


--
-- Name: food_items food_items_pkey; Type: CONSTRAINT; Schema: public; Owner: shanmu
--

ALTER TABLE ONLY public.food_items
    ADD CONSTRAINT food_items_pkey PRIMARY KEY (id);


--
-- Name: lost_items lost_items_pkey; Type: CONSTRAINT; Schema: public; Owner: shanmu
--

ALTER TABLE ONLY public.lost_items
    ADD CONSTRAINT lost_items_pkey PRIMARY KEY (id);


--
-- Name: mod_queue mod_queue_pkey; Type: CONSTRAINT; Schema: public; Owner: shanmu
--

ALTER TABLE ONLY public.mod_queue
    ADD CONSTRAINT mod_queue_pkey PRIMARY KEY (id);


--
-- Name: moderator_appeals moderator_appeals_pkey; Type: CONSTRAINT; Schema: public; Owner: shanmu
--

ALTER TABLE ONLY public.moderator_appeals
    ADD CONSTRAINT moderator_appeals_pkey PRIMARY KEY (id);


--
-- Name: orders orders_pkey; Type: CONSTRAINT; Schema: public; Owner: shanmu
--

ALTER TABLE ONLY public.orders
    ADD CONSTRAINT orders_pkey PRIMARY KEY (id);


--
-- Name: post post_pkey; Type: CONSTRAINT; Schema: public; Owner: shanmu
--

ALTER TABLE ONLY public.post
    ADD CONSTRAINT post_pkey PRIMARY KEY (id);


--
-- Name: posts posts_pkey; Type: CONSTRAINT; Schema: public; Owner: shanmu
--

ALTER TABLE ONLY public.posts
    ADD CONSTRAINT posts_pkey PRIMARY KEY (id);


--
-- Name: reports reports_pkey; Type: CONSTRAINT; Schema: public; Owner: shanmu
--

ALTER TABLE ONLY public.reports
    ADD CONSTRAINT reports_pkey PRIMARY KEY (id);


--
-- Name: tags tags_pkey; Type: CONSTRAINT; Schema: public; Owner: shanmu
--

ALTER TABLE ONLY public.tags
    ADD CONSTRAINT tags_pkey PRIMARY KEY (id);


--
-- Name: users users_name_unique; Type: CONSTRAINT; Schema: public; Owner: shanmu
--

ALTER TABLE ONLY public.users
    ADD CONSTRAINT users_name_unique UNIQUE (name);


--
-- Name: users users_pkey; Type: CONSTRAINT; Schema: public; Owner: shanmu
--

ALTER TABLE ONLY public.users
    ADD CONSTRAINT users_pkey PRIMARY KEY (id);


--
-- Name: votes votes_pkey; Type: CONSTRAINT; Schema: public; Owner: shanmu
--

ALTER TABLE ONLY public.votes
    ADD CONSTRAINT votes_pkey PRIMARY KEY (id);


--
-- Name: club_join_requests fk29o2b370kqvrccxd9ocn4ikh; Type: FK CONSTRAINT; Schema: public; Owner: shanmu
--

ALTER TABLE ONLY public.club_join_requests
    ADD CONSTRAINT fk29o2b370kqvrccxd9ocn4ikh FOREIGN KEY (user_id) REFERENCES public.users(id);


--
-- Name: club_join_requests fk3o8pllbihnwmf4ecq1fwgva7x; Type: FK CONSTRAINT; Schema: public; Owner: shanmu
--

ALTER TABLE ONLY public.club_join_requests
    ADD CONSTRAINT fk3o8pllbihnwmf4ecq1fwgva7x FOREIGN KEY (club_id) REFERENCES public.clubs(id);


--
-- Name: comments fk8omq0tc18jd43bu5tjh6jvraq; Type: FK CONSTRAINT; Schema: public; Owner: shanmu
--

ALTER TABLE ONLY public.comments
    ADD CONSTRAINT fk8omq0tc18jd43bu5tjh6jvraq FOREIGN KEY (user_id) REFERENCES public.users(id);


--
-- Name: moderator_appeals fkbsalfnjm3nyh6nwncs61s7gtf; Type: FK CONSTRAINT; Schema: public; Owner: shanmu
--

ALTER TABLE ONLY public.moderator_appeals
    ADD CONSTRAINT fkbsalfnjm3nyh6nwncs61s7gtf FOREIGN KEY (user_id) REFERENCES public.users(id);


--
-- Name: club_members fkbwqgge4dgaaxukg2hytd9enhp; Type: FK CONSTRAINT; Schema: public; Owner: shanmu
--

ALTER TABLE ONLY public.club_members
    ADD CONSTRAINT fkbwqgge4dgaaxukg2hytd9enhp FOREIGN KEY (club_id) REFERENCES public.clubs(id);


--
-- Name: comments fkh4c7lvsc298whoyd4w9ta25cr; Type: FK CONSTRAINT; Schema: public; Owner: shanmu
--

ALTER TABLE ONLY public.comments
    ADD CONSTRAINT fkh4c7lvsc298whoyd4w9ta25cr FOREIGN KEY (post_id) REFERENCES public.posts(id);


--
-- Name: posts fkhj8dylgk572syl0gsa8of997a; Type: FK CONSTRAINT; Schema: public; Owner: shanmu
--

ALTER TABLE ONLY public.posts
    ADD CONSTRAINT fkhj8dylgk572syl0gsa8of997a FOREIGN KEY (club_id) REFERENCES public.clubs(id);


--
-- Name: post_tags fkkifam22p4s1nm3bkmp1igcn5w; Type: FK CONSTRAINT; Schema: public; Owner: shanmu
--

ALTER TABLE ONLY public.post_tags
    ADD CONSTRAINT fkkifam22p4s1nm3bkmp1igcn5w FOREIGN KEY (post_id) REFERENCES public.posts(id);


--
-- Name: post_tags fkm6cfovkyqvu5rlm6ahdx3eavj; Type: FK CONSTRAINT; Schema: public; Owner: shanmu
--

ALTER TABLE ONLY public.post_tags
    ADD CONSTRAINT fkm6cfovkyqvu5rlm6ahdx3eavj FOREIGN KEY (tag_id) REFERENCES public.tags(id);


--
-- Name: moderator_appeals fkq8cg55nfirjypexh5jpso5ygu; Type: FK CONSTRAINT; Schema: public; Owner: shanmu
--

ALTER TABLE ONLY public.moderator_appeals
    ADD CONSTRAINT fkq8cg55nfirjypexh5jpso5ygu FOREIGN KEY (club_id) REFERENCES public.clubs(id);


--
-- Name: club_members fkrhejy2k7mkjakkwdckyps1jfo; Type: FK CONSTRAINT; Schema: public; Owner: shanmu
--

ALTER TABLE ONLY public.club_members
    ADD CONSTRAINT fkrhejy2k7mkjakkwdckyps1jfo FOREIGN KEY (user_id) REFERENCES public.users(id);


--
-- PostgreSQL database dump complete
--

\unrestrict 2kJJH3jf7XjT8DmGcqIss07N9Fbp0df140xcZCTzSn1ldkachsUvNXfH5xgvJUu

